Size(M,N),CuLab,LabVIEW,CuPy
64,0.000040,0.000008,0.000281
128,0.000059,0.000083,0.000264
256,0.000151,0.000481,0.000289
512,0.000424,0.003748,0.000619
1024,0.001383,0.030043,0.001876
2048,0.005500,0.239559,0.008084
4096,0.026174,1.918907,0.036448
8192,0.143780,15.730677,0.179998
