Resolution,CuLab,LabVIEW,CuPy
100,0.125835,0.101246,0.375950
200,0.138593,0.398278,0.362743
300,0.145371,0.905398,0.352879
400,0.145991,1.648398,0.352450
500,0.138864,2.612726,0.353790
600,0.141943,3.847099,0.351627
700,0.148904,5.196996,0.349650
800,0.176678,6.890124,0.354499
900,0.221714,8.756337,0.396146
1000,0.269853,10.815503,0.360773
