Size,Execution Time (s)
1024,0.0001023
2048,0.0001045
4096,0.00010760000000000001
8192,0.0001149
16384,0.00013560000000000002
32768,0.0001589
65536,0.0002191
131072,0.00048760000000000003
262144,0.0007776
524288,0.0014162
1048576,0.0027736
2097152,0.0055813
4194304,0.0112031
8388608,0.022492
16777216,0.045094300000000004
33554432,0.0890779
67108864,0.1766519
