Size,Execution Time
64,0.0002809
128,0.0002641
256,0.0002886
512,0.0006191
1024,0.0018759000000000002
2048,0.008084000000000001
4096,0.036448100000000004
8192,0.17999810000000002
