Resolution,Time
100,0.3759498
200,0.36274270000000003
300,0.3528789
400,0.35245010000000004
500,0.35378990000000005
600,0.3516265
700,0.3496503
800,0.354499
900,0.396146
1000,0.3607726
